{"cameraMode":{"drawMode":0,"name":"Shaded","section":"Shading Mode"},"sceneLighting":false,"audioPlay":false,"sceneViewState":{"showFog":true,"showMaterialUpdate":false,"showSkybox":false,"showFlares":true,"showImageEffects":true,"showParticleSystems":true},"in2DMode":false,"pivot":{"x":-0.036282978951931,"y":-0.5784972906112671,"z":1.3989287614822388},"rotation":{"x":-0.2269662320613861,"y":0.6597765684127808,"z":-0.21960072219371797,"w":-0.6818968057632446},"size":2.666025161743164,"orthographic":false}