{"cameraMode":{"drawMode":0,"name":"Shaded","section":"Shading Mode"},"sceneLighting":false,"audioPlay":false,"sceneViewState":{"showFog":true,"showMaterialUpdate":false,"showSkybox":false,"showFlares":true,"showImageEffects":true,"showParticleSystems":true},"in2DMode":false,"pivot":{"x":3.6742191314697267,"y":4.60695743560791,"z":5.171151161193848},"rotation":{"x":-0.22422493994235993,"y":0.07389819622039795,"z":-0.017053943127393724,"w":-0.9715943336486816},"size":8.124038696289063,"orthographic":false}