{"cameraMode":{"drawMode":0,"name":"Shaded","section":"Shading Mode"},"sceneLighting":false,"audioPlay":false,"sceneViewState":{"showFog":true,"showMaterialUpdate":false,"showSkybox":false,"showFlares":true,"showImageEffects":true,"showParticleSystems":true},"in2DMode":false,"pivot":{"x":260.4952087402344,"y":375.14984130859377,"z":49.217315673828128},"rotation":{"x":0.0793445035815239,"y":-0.8724277019500732,"z":0.15134543180465699,"w":0.45790374279022219},"size":10.579611778259278,"orthographic":false}